[
  {
    "_id": 1,
    "userFromID": 1,
    "userToID": 2,
    "date": "31.12.2022",
    "time": "12:00:00",
    "text": "С наступающим новым годом!"
  },
  {
    "_id": 2,
    "userFromID": 2,
    "userToID": 1,
    "date": "31.12.2022",
    "time": "12:30:00",
    "text": "Спасибо и тебя!"
  },
  {
    "_id": 3,
    "userFromID": 1,
    "userToID": 7,
    "date": "15.12.2012",
    "time": "21:00:00",
    "text": "Привет! Вы придете завтра к нам в гости?"
  },
  {
    "_id": 4,
    "userFromID": 7,
    "userToID": 1,
    "date": "15.12.2012",
    "time": "21:30:00",
    "text": "Обязательно)"
  },
  {
    "_id": 5,
    "userFromID": 1,
    "userToID": 7,
    "date": "15.12.2012",
    "time": "21:40:00",
    "text": "Ждем с нетерпением."
  },
  {
    "_id": 6,
    "userFromID": 2,
    "userToID": 1,
    "date": "23.10.2022",
    "time": "10:00:00",
    "text": "Здорово сегодня сходили в кино) Спасибо за вечер!"
  },
  {
    "_id": 7,
    "userFromID": 2,
    "userToID": 3,
    "date": "20.08.2023",
    "time": "12:30:34",
    "text": "Есть идеи что подарить Лере?"
  },
  {
    "_id": 8,
    "userFromID": 3,
    "userToID": 2,
    "date": "21.08.2023",
    "time": "09:00:00",
    "text": "Она очень любит кустовые розы. Думаю, будет рада такому букету!"
  },
  {
    "_id": 10,
    "userFromID": 2,
    "userToID": 4,
    "date": "15.10.2021",
    "time": "17:00:00",
    "text": "Добрый день! Подскажите, пожалуйста, когда можно сдать лабораторную?"
  },
  {
    "_id": 11,
    "userFromID": 4,
    "userToID": 2,
    "date": "15.10.2021",
    "time": "21:00:00",
    "text": "Здравствуйте! Завтра я буду на кафедре, подходите, приму защиту."
  },
  {
    "_id": 12,
    "userFromID": 3,
    "userToID": 2,
    "date": "12.10.2023",
    "time": "10:00:00",
    "text": "Сегодня пар нет, не хотите поиграть в настольные игры?"
  },
  {
    "_id": 13,
    "userFromID": 5,
    "userToID": 7,
    "date": "05.02.2019",
    "time": "18:00:00",
    "text": "Добрый вечер. Обращаюсь к вам как к старосте группы. Передайте студентам, что завтра пары по нашей дисциплине не будет!"
  },
  {
    "_id": 14,
    "userFromID": 7,
    "userToID": 5,
    "date": "05.02.2019",
    "time": "18:20:00",
    "text": "Здравствуйте! Информацию студентам группы передал."
  },
  {
    "_id": 15,
    "userFromID": 5,
    "userToID": 7,
    "date": "05.02.2019",
    "time": "21:00:00",
    "text": "Благодарю!"
  },
  {
    "_id": 16,
    "userFromID": 6,
    "userToID": 7,
    "date": "12.01.2017",
    "time": "23:00:00",
    "text": "Приветик! Пойдем играть в Doty?"
  },
  {
    "_id": 17,
    "userFromID": 7,
    "userToID": 6,
    "date": "12.01.2017",
    "time": "23:00:40",
    "text": "Оля, какая Dota? У меня же завтра экзамен. Это ты университет уже закончила, и пока еще ишещь работу, поэтому дома сидишь."
  },
  {
    "_id": 18,
    "userFromID": 6,
    "userToID": 7,
    "date": "12.01.2019",
    "time": "23:30:00",
    "text": "Ну и ладно( Удачи на экзамене. Не забудь поймать халяву! мне всегда помогало)"
  }
]