{"frames":{"chest_close":{"frame":{"x":0,"y":0,"w":14,"h":12},"rotated":false,"trimmed":false,"spriteSourceSize":{"x":0,"y":0,"w":14,"h":12},"sourceSize":{"w":14,"h":12}},"chest_open":{"frame":{"x":15,"y":0,"w":14,"h":16},"rotated":false,"trimmed":false,"spriteSourceSize":{"x":0,"y":0,"w":14,"h":16},"sourceSize":{"w":14,"h":16}},"player_d":{"frame":{"x":30,"y":0,"w":14,"h":15},"rotated":false,"trimmed":false,"spriteSourceSize":{"x":0,"y":0,"w":14,"h":15},"sourceSize":{"w":14,"h":15}},"dragon_w":{"frame":{"x":45,"y":0,"w":14,"h":14},"rotated":false,"trimmed":false,"spriteSourceSize":{"x":0,"y":0,"w":14,"h":14},"sourceSize":{"w":14,"h":14}},"dragon_a":{"frame":{"x":60,"y":0,"w":16,"h":14},"rotated":false,"trimmed":false,"spriteSourceSize":{"x":0,"y":0,"w":16,"h":14},"sourceSize":{"w":16,"h":14}},"boss":{"frame":{"x":77,"y":0,"w":15,"h":16},"rotated":false,"trimmed":false,"spriteSourceSize":{"x":0,"y":0,"w":15,"h":16},"sourceSize":{"w":15,"h":16}},"eye_w":{"frame":{"x":93,"y":0,"w":14,"h":15},"rotated":false,"trimmed":false,"spriteSourceSize":{"x":0,"y":0,"w":14,"h":15},"sourceSize":{"w":14,"h":15}},"dragon_s":{"frame":{"x":0,"y":13,"w":14,"h":14},"rotated":false,"trimmed":false,"spriteSourceSize":{"x":0,"y":0,"w":14,"h":14},"sourceSize":{"w":14,"h":14}},"slime_d":{"frame":{"x":45,"y":15,"w":13,"h":14},"rotated":false,"trimmed":false,"spriteSourceSize":{"x":0,"y":0,"w":13,"h":14},"sourceSize":{"w":13,"h":14}},"rock":{"frame":{"x":60,"y":15,"w":16,"h":16},"rotated":false,"trimmed":false,"spriteSourceSize":{"x":0,"y":0,"w":16,"h":16},"sourceSize":{"w":16,"h":16}},"pickaxe_4":{"frame":{"x":30,"y":16,"w":12,"h":8},"rotated":false,"trimmed":false,"spriteSourceSize":{"x":0,"y":0,"w":12,"h":8},"sourceSize":{"w":12,"h":8}},"slime_s":{"frame":{"x":93,"y":16,"w":14,"h":14},"rotated":false,"trimmed":false,"spriteSourceSize":{"x":0,"y":0,"w":14,"h":14},"sourceSize":{"w":14,"h":14}},"Coin_4":{"frame":{"x":15,"y":17,"w":9,"h":10},"rotated":false,"trimmed":false,"spriteSourceSize":{"x":0,"y":0,"w":9,"h":10},"sourceSize":{"w":9,"h":10}},"star_2":{"frame":{"x":77,"y":18,"w":14,"h":13},"rotated":false,"trimmed":false,"spriteSourceSize":{"x":0,"y":0,"w":14,"h":13},"sourceSize":{"w":14,"h":13}},"player_a":{"frame":{"x":30,"y":25,"w":14,"h":15},"rotated":false,"trimmed":false,"spriteSourceSize":{"x":0,"y":0,"w":14,"h":15},"sourceSize":{"w":14,"h":15}},"door_open":{"frame":{"x":0,"y":28,"w":14,"h":13},"rotated":false,"trimmed":false,"spriteSourceSize":{"x":0,"y":0,"w":14,"h":13},"sourceSize":{"w":14,"h":13}},"cut_3":{"frame":{"x":15,"y":28,"w":3,"h":10},"rotated":false,"trimmed":false,"spriteSourceSize":{"x":0,"y":0,"w":3,"h":10},"sourceSize":{"w":3,"h":10}},"Coin_2":{"frame":{"x":19,"y":28,"w":9,"h":10},"rotated":false,"trimmed":false,"spriteSourceSize":{"x":0,"y":0,"w":9,"h":10},"sourceSize":{"w":9,"h":10}},"eye_a":{"frame":{"x":45,"y":30,"w":9,"h":15},"rotated":false,"trimmed":false,"spriteSourceSize":{"x":0,"y":0,"w":9,"h":15},"sourceSize":{"w":9,"h":15}},"slime_a":{"frame":{"x":93,"y":31,"w":13,"h":14},"rotated":false,"trimmed":false,"spriteSourceSize":{"x":0,"y":0,"w":13,"h":14},"sourceSize":{"w":13,"h":14}},"star_1":{"frame":{"x":60,"y":32,"w":13,"h":13},"rotated":false,"trimmed":false,"spriteSourceSize":{"x":0,"y":0,"w":13,"h":13},"sourceSize":{"w":13,"h":13}},"slime_w":{"frame":{"x":77,"y":32,"w":14,"h":14},"rotated":false,"trimmed":false,"spriteSourceSize":{"x":0,"y":0,"w":14,"h":14},"sourceSize":{"w":14,"h":14}},"player_w":{"frame":{"x":0,"y":42,"w":15,"h":15},"rotated":false,"trimmed":false,"spriteSourceSize":{"x":0,"y":0,"w":15,"h":15},"sourceSize":{"w":15,"h":15}},"plant":{"frame":{"x":16,"y":42,"w":16,"h":14},"rotated":false,"trimmed":false,"spriteSourceSize":{"x":0,"y":0,"w":16,"h":14},"sourceSize":{"w":16,"h":14}},"pickaxe_5":{"frame":{"x":33,"y":42,"w":9,"h":9},"rotated":false,"trimmed":false,"spriteSourceSize":{"x":0,"y":0,"w":9,"h":9},"sourceSize":{"w":9,"h":9}},"eye_s":{"frame":{"x":45,"y":46,"w":14,"h":15},"rotated":false,"trimmed":false,"spriteSourceSize":{"x":0,"y":0,"w":14,"h":15},"sourceSize":{"w":14,"h":15}},"dragon_d":{"frame":{"x":60,"y":46,"w":16,"h":14},"rotated":false,"trimmed":false,"spriteSourceSize":{"x":0,"y":0,"w":16,"h":14},"sourceSize":{"w":16,"h":14}},"pickaxe_1":{"frame":{"x":93,"y":46,"w":12,"h":14},"rotated":false,"trimmed":false,"spriteSourceSize":{"x":0,"y":0,"w":12,"h":14},"sourceSize":{"w":12,"h":14}},"eye_d":{"frame":{"x":77,"y":47,"w":9,"h":15},"rotated":false,"trimmed":false,"spriteSourceSize":{"x":0,"y":0,"w":9,"h":15},"sourceSize":{"w":9,"h":15}},"cut_2":{"frame":{"x":0,"y":58,"w":24,"h":4},"rotated":false,"trimmed":false,"spriteSourceSize":{"x":0,"y":0,"w":24,"h":4},"sourceSize":{"w":24,"h":4}},"cut_1":{"frame":{"x":25,"y":58,"w":8,"h":3},"rotated":false,"trimmed":false,"spriteSourceSize":{"x":0,"y":0,"w":8,"h":3},"sourceSize":{"w":8,"h":3}},"player_s":{"frame":{"x":60,"y":61,"w":15,"h":15},"rotated":false,"trimmed":false,"spriteSourceSize":{"x":0,"y":0,"w":15,"h":15},"sourceSize":{"w":15,"h":15}},"cut_6":{"frame":{"x":93,"y":61,"w":4,"h":24},"rotated":false,"trimmed":false,"spriteSourceSize":{"x":0,"y":0,"w":4,"h":24},"sourceSize":{"w":4,"h":24}},"player_dead":{"frame":{"x":0,"y":63,"w":16,"h":13},"rotated":false,"trimmed":false,"spriteSourceSize":{"x":0,"y":0,"w":16,"h":13},"sourceSize":{"w":16,"h":13}},"Health":{"frame":{"x":17,"y":63,"w":10,"h":10},"rotated":false,"trimmed":false,"spriteSourceSize":{"x":0,"y":0,"w":10,"h":10},"sourceSize":{"w":10,"h":10}},"Coin_3":{"frame":{"x":28,"y":63,"w":5,"h":10},"rotated":false,"trimmed":false,"spriteSourceSize":{"x":0,"y":0,"w":5,"h":10},"sourceSize":{"w":5,"h":10}},"Key":{"frame":{"x":34,"y":63,"w":12,"h":8},"rotated":false,"trimmed":false,"spriteSourceSize":{"x":0,"y":0,"w":12,"h":8},"sourceSize":{"w":12,"h":8}},"pickaxe_3":{"frame":{"x":47,"y":63,"w":7,"h":6},"rotated":false,"trimmed":false,"spriteSourceSize":{"x":0,"y":0,"w":7,"h":6},"sourceSize":{"w":7,"h":6}},"door_close":{"frame":{"x":77,"y":63,"w":14,"h":13},"rotated":false,"trimmed":false,"spriteSourceSize":{"x":0,"y":0,"w":14,"h":13},"sourceSize":{"w":14,"h":13}},"cut_5":{"frame":{"x":17,"y":74,"w":6,"h":2},"rotated":false,"trimmed":false,"spriteSourceSize":{"x":0,"y":0,"w":6,"h":2},"sourceSize":{"w":6,"h":2}},"cut_4":{"frame":{"x":24,"y":74,"w":3,"h":2},"rotated":false,"trimmed":false,"spriteSourceSize":{"x":0,"y":0,"w":3,"h":2},"sourceSize":{"w":3,"h":2}},"Coin_1":{"frame":{"x":65,"y":77,"w":10,"h":10},"rotated":false,"trimmed":false,"spriteSourceSize":{"x":0,"y":0,"w":10,"h":10},"sourceSize":{"w":10,"h":10}},"pickaxe_2":{"frame":{"x":76,"y":77,"w":8,"h":7},"rotated":false,"trimmed":false,"spriteSourceSize":{"x":0,"y":0,"w":8,"h":7},"sourceSize":{"w":8,"h":7}},"fire_4":{"frame":{"x":1,"y":79,"w":12,"h":13},"rotated":false,"trimmed":false,"spriteSourceSize":{"x":0,"y":0,"w":12,"h":13},"sourceSize":{"w":12,"h":13}},"fire_3":{"frame":{"x":17,"y":79,"w":12,"h":13},"rotated":false,"trimmed":false,"spriteSourceSize":{"x":0,"y":0,"w":12,"h":13},"sourceSize":{"w":12,"h":13}},"fire_2":{"frame":{"x":35,"y":79,"w":12,"h":13},"rotated":false,"trimmed":false,"spriteSourceSize":{"x":0,"y":0,"w":12,"h":13},"sourceSize":{"w":12,"h":13}},"fire_1":{"frame":{"x":51,"y":79,"w":12,"h":13},"rotated":false,"trimmed":false,"spriteSourceSize":{"x":0,"y":0,"w":12,"h":13},"sourceSize":{"w":12,"h":13}},"cut_8":{"frame":{"x":65,"y":88,"w":2,"h":5},"rotated":false,"trimmed":false,"spriteSourceSize":{"x":0,"y":0,"w":2,"h":5},"sourceSize":{"w":2,"h":5}},"cut_7":{"frame":{"x":68,"y":88,"w":2,"h":5},"rotated":false,"trimmed":false,"spriteSourceSize":{"x":0,"y":0,"w":2,"h":5},"sourceSize":{"w":2,"h":5}},"sprite52":{"frame":{"x":34,"y":91,"w":2,"h":2},"rotated":false,"trimmed":false,"spriteSourceSize":{"x":0,"y":0,"w":2,"h":2},"sourceSize":{"w":2,"h":2}},"sprite53":{"frame":{"x":28,"y":92,"w":1,"h":1},"rotated":false,"trimmed":false,"spriteSourceSize":{"x":0,"y":0,"w":1,"h":1},"sourceSize":{"w":1,"h":1}},"sprite54":{"frame":{"x":51,"y":92,"w":1,"h":1},"rotated":false,"trimmed":false,"spriteSourceSize":{"x":0,"y":0,"w":1,"h":1},"sourceSize":{"w":1,"h":1}}},"meta":{"app":"https://www.leshylabs.com/apps/sstool/","version":"Leshy SpriteSheet Tool v0.8.4","image":"sprites","size":{"w":107,"h":93},"scale":1}}